﻿<!--
1e
-->

<?xml version="1.0" encoding="utf-8"?>
<xsl:stylesheet version="1.0" xmlns:xsl="http://www.w3.org/1999/XSL/Transform">
  <xsl:template match="/">
    <html>
      <body>
        <table border="1">
          <tr>
            <th>pnr</th>
            <th>type</th>
            <th>navn</th>
            <th>adresse</th>
            <th>postnr</th>
            <th>telefon</th>
          </tr>
          <xsl:for-each select="produkter/produkt">
            <tr>
              <td><xsl:value-of select="pnr"/></td>
              <td><xsl:value-of select="type"/></td>
              <td><xsl:value-of select="navn"/></td>
              <td><xsl:value-of select="adresse"/></td>
              <td><xsl:value-of select="postnr"/></td>
              <td><xsl:value-of select="telefon"/></td>
            </tr>
          </xsl:for-each>
        </table>
      </body>
    </html>
  </xsl:template>
</xsl:stylesheet>

<!---
For testing må man også legge på XML-prolog i toppen av XML-filen for
å knytte sammen XML-fil og XSLT stilark (ikke en del av oppgaven):
-->

<?xml version="1.0" encoding="utf-8"?>
<?xml-stylesheet type="text/xsl" href="stilark1e.xsl"?>
